"employeeDateOfJoining","employeeDepartment","employeeId","employeeName","employeePlace","id"
"2019-07-11 17:40:00.0","HR","25151","ifmsm","Hyderabad","1"
"2019-01-12 14:53:20.0","QA","15244","wmmit","Chennai","2"
"2019-06-20 03:20:00.0","QA","45221","mjxpz","Bangalore","3"
"2019-02-14 17:20:00.0","QA","43151","jblpg","Hyderabad","4"
"2019-05-25 23:43:20.0","Tech Lead","13312","ozmey","Chennai","5"
"2019-06-07 18:23:20.0","Tech Lead","35525","cdekw","Hyderabad","6"
"2019-04-04 23:33:20.0","QA","13123","tdifj","Cochin","7"
"2019-02-01 02:40:00.0","HR","32115","inkmr","Hyderabad","8"
"2019-02-01 01:33:20.0","HR","13141","ssgbh","Cochin","9"
"2019-01-23 20:03:20.0","Tech Lead","31533","dxlum","Chennai","10"
"2019-01-16 08:03:20.0","QA","43115","qbxlw","Chennai","11"
"2019-01-13 19:46:40.0","Tech Lead","52543","plijd","Coimbatore","12"
"2019-02-24 12:03:20.0","Developer","51325","jjnhi","Bangalore","13"
"2019-02-16 12:06:40.0","Developer","43215","lhvkw","Chennai","14"
"2019-01-19 12:26:40.0","Developer","55551","xnssg","Chennai","15"
"2019-03-01 13:26:40.0","QA","41544","pjbor","Coimbatore","16"
"2019-05-27 03:13:20.0","QA","35413","imffx","Chennai","17"
"2019-04-04 09:56:40.0","QA","43332","gpchl","Hyderabad","18"
"2019-04-24 10:46:40.0","Tech Lead","15323","dlenl","Cochin","19"
"2019-03-20 21:20:00.0","HR","45523","zxpsl","Chennai","20"
"2019-03-05 13:16:40.0","HR","54532","bvbke","Cochin","21"
"2019-01-10 20:40:00.0","QA","24112","vwrmk","Coimbatore","22"
"2019-03-05 09:06:40.0","HR","54242","nvofu","Coimbatore","23"
"2019-01-21 03:53:20.0","QA","34115","egoee","Bangalore","24"
"2019-03-27 20:16:40.0","HR","21142","gihdl","Chennai","25"
"2019-01-15 17:36:40.0","Tech Lead","21433","xqhlv","Hyderabad","26"
"2019-03-11 01:30:00.0","Developer","51423","lsfkw","Cochin","27"
"2019-03-25 20:13:20.0","Developer","45143","nesnm","Cochin","28"
"2019-04-26 13:03:20.0","Tech Lead","53443","koryl","Chennai","29"
"2019-04-28 14:13:20.0","QA","35255","qigbh","Hyderabad","30"
"2019-06-04 21:30:00.0","HR","15445","pzwrw","Hyderabad","31"
"2019-03-15 13:50:00.0","Developer","15214","pbrcv","Coimbatore","32"
"2019-07-06 13:46:40.0","HR","52243","mfxkp","Bangalore","33"
"2019-05-27 03:13:20.0","Developer","53331","gcujl","Cochin","34"
"2019-05-26 12:30:00.0","Tech Lead","43343","nwphy","Chennai","35"
"2019-02-25 10:16:40.0","HR","21142","gojzv","Chennai","36"
"2019-05-16 08:03:20.0","Developer","42324","lrjiy","Chennai","37"
"2019-01-23 21:43:20.0","Tech Lead","42252","glosl","Cochin","38"
"2019-05-05 20:06:40.0","QA","35115","bgdhh","Coimbatore","39"
"2019-06-09 15:23:20.0","Developer","42545","wpqwk","Cochin","40"
"2019-01-25 12:03:20.0","QA","54332","wrohg","Chennai","41"
"2019-03-31 19:00:00.0","QA","31532","pehsi","Cochin","42"
"2019-03-01 11:13:20.0","HR","52442","ymfsi","Coimbatore","43"
"2019-04-17 13:46:40.0","Tech Lead","11522","jlwwb","Bangalore","44"
"2019-01-21 08:03:20.0","HR","24112","mvqeo","Hyderabad","45"
"2019-02-01 05:43:20.0","Developer","34541","wckxk","Bangalore","46"
"2019-06-09 09:16:40.0","HR","25341","jrvfe","Chennai","47"
"2019-03-26 14:50:00.0","Developer","15353","jnsdv","Hyderabad","48"
"2019-05-04 16:36:40.0","HR","21224","rsyjy","Cochin","49"
"2019-04-01 18:36:40.0","Developer","32214","vkjfd","Cochin","50"
"2019-01-11 12:46:40.0","Developer","21333","dpnbl","Hyderabad","51"
"2019-02-23 13:16:40.0","Tech Lead","53323","ltudh","Hyderabad","52"
"2019-01-09 03:00:00.0","QA","42221","bnesr","Cochin","53"
"2019-04-28 00:36:40.0","QA","32541","zjbtc","Chennai","54"
"2019-05-28 09:30:00.0","QA","34255","xlzpj","Cochin","55"
"2019-07-07 17:16:40.0","HR","25425","gejuz","Bangalore","56"
"2019-05-31 08:03:20.0","QA","23515","uvrcb","Cochin","57"
"2019-06-04 01:46:40.0","HR","55353","rnbcx","Coimbatore","58"
"2019-06-12 15:36:40.0","Developer","13425","oznum","Cochin","59"
"2019-05-24 20:30:00.0","HR","15211","vdpjv","Chennai","60"
"2019-02-08 10:46:40.0","HR","21125","zgzpl","Bangalore","61"
"2019-07-12 06:26:40.0","HR","32452","lqzln","Bangalore","62"
"2019-04-27 04:36:40.0","QA","32353","gjdpd","Bangalore","63"
"2019-01-04 19:40:00.0","Tech Lead","43244","ohfqc","Hyderabad","64"
"2019-05-13 16:43:20.0","Tech Lead","45433","igbsy","Chennai","65"
"2019-04-19 21:36:40.0","HR","13124","jzzre","Bangalore","66"
"2019-04-18 10:20:00.0","QA","44154","ofprk","Hyderabad","67"
"2019-02-12 17:50:00.0","Tech Lead","21134","zdcun","Coimbatore","68"
"2019-04-01 13:53:20.0","QA","35433","homzl","Chennai","69"
"2019-04-14 23:00:00.0","HR","51224","yuzeb","Chennai","70"
"2019-04-03 02:33:20.0","QA","35211","fzwnz","Chennai","71"
"2019-07-08 05:30:00.0","HR","13511","tqpcz","Chennai","72"
"2019-06-29 16:13:20.0","QA","31524","zoxre","Chennai","73"
"2019-07-14 13:26:40.0","QA","51551","nlwgv","Hyderabad","74"
"2019-03-25 09:40:00.0","Developer","23321","bphck","Chennai","75"
"2019-04-12 02:56:40.0","Developer","25541","pegjg","Bangalore","76"
"2019-01-17 03:13:20.0","QA","34151","nfffj","Bangalore","77"
"2019-02-01 15:10:00.0","HR","53325","uszvx","Coimbatore","78"
"2019-04-22 19:53:20.0","QA","53432","khbfm","Cochin","79"
"2019-05-29 02:10:00.0","HR","41135","iemdp","Coimbatore","80"
"2019-03-12 01:06:40.0","Tech Lead","42352","ryxqq","Chennai","81"
"2019-02-05 21:06:40.0","HR","32552","phuny","Coimbatore","82"
"2019-04-30 05:56:40.0","HR","55233","bvuhp","Chennai","83"
"2019-01-07 03:46:40.0","HR","11352","mwynk","Hyderabad","84"
"2019-06-16 00:43:20.0","HR","52123","lrxdu","Bangalore","85"
"2019-02-24 18:10:00.0","Tech Lead","14322","bzhko","Coimbatore","86"
"2019-07-03 23:16:40.0","Developer","31344","hnmor","Coimbatore","87"
"2019-02-28 09:23:20.0","HR","32145","nleqg","Bangalore","88"
"2019-05-13 17:00:00.0","QA","35454","gwifk","Bangalore","89"
"2019-06-14 18:26:40.0","Tech Lead","12124","cmgvy","Coimbatore","90"
"2019-05-23 04:13:20.0","HR","35112","iqtmv","Bangalore","91"
"2019-04-15 15:06:40.0","HR","13411","qnvsr","Bangalore","92"
"2019-03-06 00:06:40.0","Tech Lead","41132","drddt","Coimbatore","93"
"2019-02-18 15:13:20.0","Tech Lead","25352","bdtmc","Bangalore","94"
"2019-02-19 11:30:00.0","Tech Lead","11453","ohqvw","Bangalore","95"
"2019-07-14 23:10:00.0","Tech Lead","21154","szfpe","Cochin","96"
"2019-01-13 15:53:20.0","QA","44455","zyvfp","Coimbatore","97"
"2019-06-03 10:46:40.0","Tech Lead","15525","ddhxx","Chennai","98"
"2019-02-17 03:06:40.0","Tech Lead","14315","smyih","Bangalore","99"
"2019-01-14 02:26:40.0","Tech Lead","33525","hgory","Cochin","100"
